Timestamp,Value,,,,
04.11.2024 14:31,46,,,,
04.11.2024 14:31,1948,1,,,
04.11.2024 14:31,1946,2,AVERAGE,1959.057803,
04.11.2024 14:31,1948,3,MAX,1989,
04.11.2024 14:31,1949,4,MIN,1920,
04.11.2024 14:31,1970,5,,,
04.11.2024 14:31,1974,6,,,
04.11.2024 14:31,1979,7,,,
04.11.2024 14:31,1981,8,,,
04.11.2024 14:31,1980,9,,,
04.11.2024 14:31,1981,10,,,
04.11.2024 14:31,1981,11,,,
04.11.2024 14:31,1979,12,,,
04.11.2024 14:31,1978,13,,,
04.11.2024 14:31,1979,14,,,
04.11.2024 14:31,1979,15,,,
04.11.2024 14:31,1979,16,,,
04.11.2024 14:31,1985,17,,,
04.11.2024 14:31,1969,18,,,
04.11.2024 14:31,1966,19,,,
04.11.2024 14:31,1965,20,,,
04.11.2024 14:31,1965,21,,,
04.11.2024 14:31,1964,22,,,
04.11.2024 14:31,1961,23,,,
04.11.2024 14:31,1938,24,,,
04.11.2024 14:31,1938,25,,,
04.11.2024 14:31,1938,26,,,
04.11.2024 14:31,1940,27,,,
04.11.2024 14:31,1940,28,,,
04.11.2024 14:31,1941,29,,,
04.11.2024 14:31,1943,30,,,
04.11.2024 14:31,1946,31,,,
04.11.2024 14:31,1955,32,,,
04.11.2024 14:31,1962,33,,,
04.11.2024 14:31,1966,34,,,
04.11.2024 14:31,1966,35,,,
04.11.2024 14:31,1963,36,,,
04.11.2024 14:31,1965,37,,,
04.11.2024 14:31,1965,38,,,
04.11.2024 14:31,1965,39,,,
04.11.2024 14:31,1963,40,,,
04.11.2024 14:31,1961,41,,,
04.11.2024 14:31,1967,42,,,
04.11.2024 14:31,1965,43,,,
04.11.2024 14:31,1965,44,,,
04.11.2024 14:31,1961,45,,,
04.11.2024 14:31,1961,46,,,
04.11.2024 14:31,1966,47,,,
04.11.2024 14:31,1965,48,,,
04.11.2024 14:31,1962,49,,,
04.11.2024 14:31,1941,50,,,
04.11.2024 14:31,1927,51,,,
04.11.2024 14:31,1957,52,,,
04.11.2024 14:31,1962,53,,,
04.11.2024 14:31,1959,54,,,
04.11.2024 14:31,1967,55,,,
04.11.2024 14:31,1944,56,,,
04.11.2024 14:31,1933,57,,,
04.11.2024 14:31,1935,58,,,
04.11.2024 14:31,1937,59,,,
04.11.2024 14:31,1955,60,,,
04.11.2024 14:31,1954,61,,,
04.11.2024 14:31,1961,62,,,
04.11.2024 14:31,1966,63,,,
04.11.2024 14:31,1966,64,,,
04.11.2024 14:31,1968,65,,,
04.11.2024 14:31,1964,66,,,
04.11.2024 14:31,1966,67,,,
04.11.2024 14:31,1965,68,,,
04.11.2024 14:31,1962,69,,,
04.11.2024 14:31,1966,70,,,
04.11.2024 14:31,1963,71,,,
04.11.2024 14:31,1967,72,,,
04.11.2024 14:31,1961,73,,,
04.11.2024 14:31,1941,74,,,
04.11.2024 14:31,1934,75,,,
04.11.2024 14:31,1931,76,,,
04.11.2024 14:31,1935,77,,,
04.11.2024 14:31,1935,78,,,
04.11.2024 14:31,1943,79,,,
04.11.2024 14:31,1959,80,,,
04.11.2024 14:31,1960,81,,,
04.11.2024 14:31,1966,82,,,
04.11.2024 14:31,1966,83,,,
04.11.2024 14:31,1964,84,,,
04.11.2024 14:31,1953,85,,,
04.11.2024 14:31,1940,86,,,
04.11.2024 14:31,1940,87,,,
04.11.2024 14:31,1940,88,,,
04.11.2024 14:31,1950,89,,,
04.11.2024 14:31,1979,90,,,
04.11.2024 14:31,1978,91,,,
04.11.2024 14:31,1983,92,,,
04.11.2024 14:31,1982,93,,,
04.11.2024 14:31,1981,94,,,
04.11.2024 14:31,1985,95,,,
04.11.2024 14:31,1986,96,,,
04.11.2024 14:31,1985,97,,,
04.11.2024 14:31,1982,98,,,
04.11.2024 14:31,1982,99,,,
04.11.2024 14:31,1980,100,,,
04.11.2024 14:31,1979,101,,,
04.11.2024 14:31,1943,102,,,
04.11.2024 14:31,1941,103,,,
04.11.2024 14:31,1941,104,,,
04.11.2024 14:31,1942,105,,,
04.11.2024 14:31,1953,106,,,
04.11.2024 14:31,1962,107,,,
04.11.2024 14:31,1961,108,,,
04.11.2024 14:31,1963,109,,,
04.11.2024 14:31,1963,110,,,
04.11.2024 14:31,1964,111,,,
04.11.2024 14:31,1962,112,,,
04.11.2024 14:31,1963,113,,,
04.11.2024 14:31,1965,114,,,
04.11.2024 14:31,1963,115,,,
04.11.2024 14:31,1963,116,,,
04.11.2024 14:31,1931,117,,,
04.11.2024 14:31,1936,118,,,
04.11.2024 14:31,1938,119,,,
04.11.2024 14:31,1938,120,,,
04.11.2024 14:31,1937,121,,,
04.11.2024 14:31,1944,122,,,
04.11.2024 14:31,1944,123,,,
04.11.2024 14:31,1944,124,,,
04.11.2024 14:31,1943,125,,,
04.11.2024 14:31,1943,126,,,
04.11.2024 14:31,1944,127,,,
04.11.2024 14:31,1945,128,,,
04.11.2024 14:31,1951,129,,,
04.11.2024 14:31,1973,130,,,
04.11.2024 14:31,1978,131,,,
04.11.2024 14:31,1982,132,,,
04.11.2024 14:31,1985,133,,,
04.11.2024 14:31,1985,134,,,
04.11.2024 14:31,1985,135,,,
04.11.2024 14:31,1985,136,,,
04.11.2024 14:31,1982,137,,,
04.11.2024 14:31,1979,138,,,
04.11.2024 14:31,1978,139,,,
04.11.2024 14:31,1979,140,,,
04.11.2024 14:31,1979,141,,,
04.11.2024 14:31,1981,142,,,
04.11.2024 14:31,1971,143,,,
04.11.2024 14:31,1966,144,,,
04.11.2024 14:31,1966,145,,,
04.11.2024 14:31,1965,146,,,
04.11.2024 14:31,1964,147,,,
04.11.2024 14:31,1950,148,,,
04.11.2024 14:31,1940,149,,,
04.11.2024 14:31,1941,150,,,
04.11.2024 14:31,1941,151,,,
04.11.2024 14:31,1943,152,,,
04.11.2024 14:31,1938,153,,,
04.11.2024 14:31,1942,154,,,
04.11.2024 14:31,1945,155,,,
04.11.2024 14:31,1948,156,,,
04.11.2024 14:31,1955,157,,,
04.11.2024 14:31,1965,158,,,
04.11.2024 14:31,1967,159,,,
04.11.2024 14:31,1966,160,,,
04.11.2024 14:31,1963,161,,,
04.11.2024 14:31,1966,162,,,
04.11.2024 14:31,1965,163,,,
04.11.2024 14:31,1965,164,,,
04.11.2024 14:31,1965,165,,,
04.11.2024 14:31,1962,166,,,
04.11.2024 14:31,1965,167,,,
04.11.2024 14:31,1965,168,,,
04.11.2024 14:31,1965,169,,,
04.11.2024 14:31,1962,170,,,
04.11.2024 14:31,1965,171,,,
04.11.2024 14:31,1966,172,,,
04.11.2024 14:31,1965,173,,,
04.11.2024 14:31,1964,174,,,
04.11.2024 14:31,1945,175,,,
04.11.2024 14:31,1931,176,,,
04.11.2024 14:31,1953,177,,,
04.11.2024 14:31,1960,178,,,
04.11.2024 14:31,1961,179,,,
04.11.2024 14:31,1966,180,,,
04.11.2024 14:31,1954,181,,,
04.11.2024 14:31,1935,182,,,
04.11.2024 14:31,1934,183,,,
04.11.2024 14:31,1936,184,,,
04.11.2024 14:31,1951,185,,,
04.11.2024 14:31,1955,186,,,
04.11.2024 14:31,1958,187,,,
04.11.2024 14:31,1964,188,,,
04.11.2024 14:31,1964,189,,,
04.11.2024 14:31,1964,190,,,
04.11.2024 14:31,1964,191,,,
04.11.2024 14:31,1966,192,,,
04.11.2024 14:31,1966,193,,,
04.11.2024 14:31,1963,194,,,
04.11.2024 14:31,1966,195,,,
04.11.2024 14:31,1964,196,,,
04.11.2024 14:31,1966,197,,,
04.11.2024 14:31,1962,198,,,
04.11.2024 14:31,1951,199,,,
04.11.2024 14:31,1931,200,,,
04.11.2024 14:31,1934,201,,,
04.11.2024 14:31,1937,202,,,
04.11.2024 14:31,1937,203,,,
04.11.2024 14:31,1940,204,,,
04.11.2024 14:31,1958,205,,,
04.11.2024 14:31,1958,206,,,
04.11.2024 14:31,1961,207,,,
04.11.2024 14:31,1962,208,,,
04.11.2024 14:31,1965,209,,,
04.11.2024 14:31,1963,210,,,
04.11.2024 14:31,1946,211,,,
04.11.2024 14:31,1941,212,,,
04.11.2024 14:31,1944,213,,,
04.11.2024 14:31,1943,214,,,
04.11.2024 14:31,1955,215,,,
04.11.2024 14:31,1970,216,,,
04.11.2024 14:31,1984,217,,,
04.11.2024 14:31,1986,218,,,
04.11.2024 14:31,1986,219,,,
04.11.2024 14:31,1986,220,,,
04.11.2024 14:31,1983,221,,,
04.11.2024 14:31,1981,222,,,
04.11.2024 14:31,1979,223,,,
04.11.2024 14:31,1978,224,,,
04.11.2024 14:31,1980,225,,,
04.11.2024 14:31,1982,226,,,
04.11.2024 14:31,1981,227,,,
04.11.2024 14:31,1943,228,,,
04.11.2024 14:31,1942,229,,,
04.11.2024 14:31,1943,230,,,
04.11.2024 14:31,1943,231,,,
04.11.2024 14:31,1953,232,,,
04.11.2024 14:31,1962,233,,,
04.11.2024 14:31,1962,234,,,
04.11.2024 14:31,1961,235,,,
04.11.2024 14:31,1961,236,,,
04.11.2024 14:31,1964,237,,,
04.11.2024 14:31,1964,238,,,
04.11.2024 14:31,1963,239,,,
04.11.2024 14:31,1962,240,,,
04.11.2024 14:31,1960,241,,,
04.11.2024 14:31,1963,242,,,
04.11.2024 14:31,1932,243,,,
04.11.2024 14:31,1937,244,,,
04.11.2024 14:31,1938,245,,,
04.11.2024 14:31,1938,246,,,
04.11.2024 14:31,1938,247,,,
04.11.2024 14:31,1940,248,,,
04.11.2024 14:31,1942,249,,,
04.11.2024 14:31,1942,250,,,
04.11.2024 14:31,1943,251,,,
04.11.2024 14:31,1943,252,,,
04.11.2024 14:31,1943,253,,,
04.11.2024 14:31,1945,254,,,
04.11.2024 14:31,1950,255,,,
04.11.2024 14:31,1972,256,,,
04.11.2024 14:31,1978,257,,,
04.11.2024 14:31,1982,258,,,
04.11.2024 14:31,1985,259,,,
04.11.2024 14:31,1986,260,,,
04.11.2024 14:31,1987,261,,,
04.11.2024 14:31,1987,262,,,
04.11.2024 14:31,1986,263,,,
04.11.2024 14:31,1983,264,,,
04.11.2024 14:31,1982,265,,,
04.11.2024 14:31,1985,266,,,
04.11.2024 14:31,1984,267,,,
04.11.2024 14:31,1989,268,,,
04.11.2024 14:31,1972,269,,,
04.11.2024 14:31,1967,270,,,
04.11.2024 14:31,1968,271,,,
04.11.2024 14:31,1965,272,,,
04.11.2024 14:31,1963,273,,,
04.11.2024 14:31,1954,274,,,
04.11.2024 14:31,1940,275,,,
04.11.2024 14:31,1942,276,,,
04.11.2024 14:31,1940,277,,,
04.11.2024 14:31,1941,278,,,
04.11.2024 14:31,1937,279,,,
04.11.2024 14:31,1941,280,,,
04.11.2024 14:31,1943,281,,,
04.11.2024 14:31,1948,282,,,
04.11.2024 14:31,1955,283,,,
04.11.2024 14:31,1966,284,,,
04.11.2024 14:31,1966,285,,,
04.11.2024 14:31,1963,286,,,
04.11.2024 14:31,1962,287,,,
04.11.2024 14:31,1966,288,,,
04.11.2024 14:31,1964,289,,,
04.11.2024 14:31,1964,290,,,
04.11.2024 14:31,1965,291,,,
04.11.2024 14:31,1962,292,,,
04.11.2024 14:31,1964,293,,,
04.11.2024 14:31,1962,294,,,
04.11.2024 14:31,1966,295,,,
04.11.2024 14:31,1961,296,,,
04.11.2024 14:31,1965,297,,,
04.11.2024 14:31,1965,298,,,
04.11.2024 14:31,1966,299,,,
04.11.2024 14:31,1963,300,,,
04.11.2024 14:31,1936,301,,,
04.11.2024 14:31,1931,302,,,
04.11.2024 14:31,1953,303,,,
04.11.2024 14:31,1958,304,,,
04.11.2024 14:31,1962,305,,,
04.11.2024 14:31,1967,306,,,
04.11.2024 14:31,1944,307,,,
04.11.2024 14:31,1932,308,,,
04.11.2024 14:31,1935,309,,,
04.11.2024 14:31,1937,310,,,
04.11.2024 14:31,1957,311,,,
04.11.2024 14:31,1955,312,,,
04.11.2024 14:31,1961,313,,,
04.11.2024 14:31,1964,314,,,
04.11.2024 14:31,1964,315,,,
04.11.2024 14:31,1964,316,,,
04.11.2024 14:31,1962,317,,,
04.11.2024 14:31,1966,318,,,
04.11.2024 14:31,1965,319,,,
04.11.2024 14:31,1962,320,,,
04.11.2024 14:31,1966,321,,,
04.11.2024 14:31,1964,322,,,
04.11.2024 14:31,1965,323,,,
04.11.2024 14:31,1962,324,,,
04.11.2024 14:31,1941,325,,,
04.11.2024 14:31,1934,326,,,
04.11.2024 14:31,1937,327,,,
04.11.2024 14:31,1937,328,,,
04.11.2024 14:31,1939,329,,,
04.11.2024 14:31,1943,330,,,
04.11.2024 14:31,1959,331,,,
04.11.2024 14:31,1955,332,,,
04.11.2024 14:31,1959,333,,,
04.11.2024 14:31,1964,334,,,
04.11.2024 14:31,1963,335,,,
04.11.2024 14:31,1964,336,,,
04.11.2024 14:31,1940,337,,,
04.11.2024 14:31,1941,338,,,
04.11.2024 14:31,1944,339,,,
04.11.2024 14:31,1942,340,,,
04.11.2024 14:31,1969,341,,,
04.11.2024 14:31,1972,342,,,
04.11.2024 14:31,1985,343,,,
04.11.2024 14:31,1987,344,,,
04.11.2024 14:31,1986,345,,,
04.11.2024 14:31,1986,346,,,
04.11.2024 14:31,1985,347,,,
04.11.2024 14:31,1983,348,,,
04.11.2024 14:31,1978,349,,,
04.11.2024 14:31,1981,350,,,
04.11.2024 14:31,1981,351,,,
04.11.2024 14:31,1983,352,,,
04.11.2024 14:31,1963,353,,,
04.11.2024 14:31,1948,354,,,
04.11.2024 14:31,1943,355,,,
04.11.2024 14:31,1943,356,,,
04.11.2024 14:31,1946,357,,,
04.11.2024 14:31,1955,358,,,
04.11.2024 14:31,1959,359,,,
04.11.2024 14:31,1965,360,,,
04.11.2024 14:31,1964,361,,,
04.11.2024 14:31,1961,362,,,
04.11.2024 14:31,1963,363,,,
04.11.2024 14:31,1964,364,,,
04.11.2024 14:31,1963,365,,,
04.11.2024 14:31,1962,366,,,
04.11.2024 14:31,1959,367,,,
04.11.2024 14:31,1947,368,,,
04.11.2024 14:31,1936,369,,,
04.11.2024 14:31,1940,370,,,
04.11.2024 14:31,1938,371,,,
04.11.2024 14:31,1935,372,,,
04.11.2024 14:31,1939,373,,,
04.11.2024 14:31,1941,374,,,
04.11.2024 14:31,1941,375,,,
04.11.2024 14:31,1942,376,,,
04.11.2024 14:31,1944,377,,,
04.11.2024 14:31,1944,378,,,
04.11.2024 14:31,1948,379,,,
04.11.2024 14:31,1949,380,,,
04.11.2024 14:31,1955,381,,,
04.11.2024 14:31,1981,382,,,
04.11.2024 14:31,1980,383,,,
04.11.2024 14:31,1984,384,,,
04.11.2024 14:31,1986,385,,,
04.11.2024 14:31,1986,386,,,
04.11.2024 14:31,1985,387,,,
04.11.2024 14:31,1985,388,,,
04.11.2024 14:31,1983,389,,,
04.11.2024 14:31,1983,390,,,
04.11.2024 14:31,1981,391,,,
04.11.2024 14:31,1980,392,,,
04.11.2024 14:31,1980,393,,,
04.11.2024 14:31,1975,394,,,
04.11.2024 14:31,1968,395,,,
04.11.2024 14:31,1967,396,,,
04.11.2024 14:31,1966,397,,,
04.11.2024 14:31,1965,398,,,
04.11.2024 14:31,1963,399,,,
04.11.2024 14:31,1938,400,,,
04.11.2024 14:31,1938,401,,,
04.11.2024 14:31,1939,402,,,
04.11.2024 14:31,1942,403,,,
04.11.2024 14:31,1938,404,,,
04.11.2024 14:31,1936,405,,,
04.11.2024 14:31,1944,406,,,
04.11.2024 14:31,1947,407,,,
04.11.2024 14:31,1955,408,,,
04.11.2024 14:31,1959,409,,,
04.11.2024 14:31,1964,410,,,
04.11.2024 14:31,1967,411,,,
04.11.2024 14:31,1963,412,,,
04.11.2024 14:31,1964,413,,,
04.11.2024 14:31,1967,414,,,
04.11.2024 14:31,1963,415,,,
04.11.2024 14:31,1965,416,,,
04.11.2024 14:31,1963,417,,,
04.11.2024 14:31,1966,418,,,
04.11.2024 14:31,1966,419,,,
04.11.2024 14:31,1965,420,,,
04.11.2024 14:31,1964,421,,,
04.11.2024 14:31,1964,422,,,
04.11.2024 14:31,1964,423,,,
04.11.2024 14:31,1966,424,,,
04.11.2024 14:31,1963,425,,,
04.11.2024 14:31,1958,426,,,
04.11.2024 14:31,1930,427,,,
04.11.2024 14:31,1952,428,,,
04.11.2024 14:31,1955,429,,,
04.11.2024 14:31,1956,430,,,
04.11.2024 14:31,1967,431,,,
04.11.2024 14:31,1958,432,,,
04.11.2024 14:31,1933,433,,,
04.11.2024 14:31,1931,434,,,
04.11.2024 14:31,1935,435,,,
04.11.2024 14:31,1951,436,,,
04.11.2024 14:31,1959,437,,,
04.11.2024 14:31,1961,438,,,
04.11.2024 14:31,1966,439,,,
04.11.2024 14:31,1966,440,,,
04.11.2024 14:31,1966,441,,,
04.11.2024 14:31,1966,442,,,
04.11.2024 14:31,1965,443,,,
04.11.2024 14:31,1965,444,,,
04.11.2024 14:31,1963,445,,,
04.11.2024 14:31,1965,446,,,
04.11.2024 14:31,1963,447,,,
04.11.2024 14:31,1967,448,,,
04.11.2024 14:31,1963,449,,,
04.11.2024 14:31,1952,450,,,
04.11.2024 14:31,1934,451,,,
04.11.2024 14:31,1933,452,,,
04.11.2024 14:31,1935,453,,,
04.11.2024 14:31,1936,454,,,
04.11.2024 14:31,1938,455,,,
04.11.2024 14:31,1954,456,,,
04.11.2024 14:31,1957,457,,,
04.11.2024 14:31,1966,458,,,
04.11.2024 14:31,1970,459,,,
04.11.2024 14:31,1965,460,,,
04.11.2024 14:31,1964,461,,,
04.11.2024 14:31,1938,462,,,
04.11.2024 14:31,1940,463,,,
04.11.2024 14:31,1940,464,,,
04.11.2024 14:31,1943,465,,,
04.11.2024 14:31,1976,466,,,
04.11.2024 14:31,1974,467,,,
04.11.2024 14:31,1984,468,,,
04.11.2024 14:31,1987,469,,,
04.11.2024 14:31,1986,470,,,
04.11.2024 14:31,1985,471,,,
04.11.2024 14:31,1982,472,,,
04.11.2024 14:31,1980,473,,,
04.11.2024 14:31,1982,474,,,
04.11.2024 14:31,1983,475,,,
04.11.2024 14:31,1984,476,,,
04.11.2024 14:31,1983,477,,,
04.11.2024 14:31,1946,478,,,
04.11.2024 14:31,1942,479,,,
04.11.2024 14:31,1942,480,,,
04.11.2024 14:31,1944,481,,,
04.11.2024 14:31,1953,482,,,
04.11.2024 14:31,1964,483,,,
04.11.2024 14:31,1963,484,,,
04.11.2024 14:31,1969,485,,,
04.11.2024 14:31,1966,486,,,
04.11.2024 14:31,1968,487,,,
04.11.2024 14:31,1962,488,,,
04.11.2024 14:31,1965,489,,,
04.11.2024 14:31,1966,490,,,
04.11.2024 14:31,1965,491,,,
04.11.2024 14:31,1964,492,,,
04.11.2024 14:31,1929,493,,,
04.11.2024 14:31,1936,494,,,
04.11.2024 14:31,1937,495,,,
04.11.2024 14:31,1937,496,,,
04.11.2024 14:31,1941,497,,,
04.11.2024 14:31,1941,498,,,
04.11.2024 14:31,1945,499,,,
04.11.2024 14:31,1945,500,,,
04.11.2024 14:31,1944,501,,,
04.11.2024 14:31,1945,502,,,
04.11.2024 14:31,1945,503,,,
04.11.2024 14:31,1946,504,,,
04.11.2024 14:31,1945,505,,,
04.11.2024 14:31,1955,506,,,
04.11.2024 14:31,1972,507,,,
04.11.2024 14:31,1978,508,,,
04.11.2024 14:31,1980,509,,,
04.11.2024 14:31,1983,510,,,
04.11.2024 14:31,1984,511,,,
04.11.2024 14:31,1984,512,,,
04.11.2024 14:31,1982,513,,,
04.11.2024 14:31,1980,514,,,
04.11.2024 14:31,1979,515,,,
04.11.2024 14:31,1978,516,,,
04.11.2024 14:31,1979,517,,,
04.11.2024 14:31,1980,518,,,
04.11.2024 14:31,1967,519,,,
04.11.2024 14:31,1965,520,,,
04.11.2024 14:31,1965,521,,,
04.11.2024 14:31,1961,522,,,
04.11.2024 14:31,1959,523,,,
04.11.2024 14:31,1961,524,,,
04.11.2024 14:31,1935,525,,,
04.11.2024 14:31,1939,526,,,
04.11.2024 14:31,1940,527,,,
04.11.2024 14:31,1940,528,,,
04.11.2024 14:31,1939,529,,,
04.11.2024 14:31,1940,530,,,
04.11.2024 14:31,1943,531,,,
04.11.2024 14:31,1945,532,,,
04.11.2024 14:31,1953,533,,,
04.11.2024 14:31,1964,534,,,
04.11.2024 14:31,1963,535,,,
04.11.2024 14:31,1960,536,,,
04.11.2024 14:31,1959,537,,,
04.11.2024 14:31,1964,538,,,
04.11.2024 14:31,1965,539,,,
04.11.2024 14:31,1964,540,,,
04.11.2024 14:31,1967,541,,,
04.11.2024 14:31,1960,542,,,
04.11.2024 14:31,1965,543,,,
04.11.2024 14:31,1963,544,,,
04.11.2024 14:31,1968,545,,,
04.11.2024 14:31,1961,546,,,
04.11.2024 14:31,1965,547,,,
04.11.2024 14:31,1964,548,,,
04.11.2024 14:31,1965,549,,,
04.11.2024 14:31,1963,550,,,
04.11.2024 14:31,1938,551,,,
04.11.2024 14:31,1930,552,,,
04.11.2024 14:31,1952,553,,,
04.11.2024 14:31,1959,554,,,
04.11.2024 14:31,1963,555,,,
04.11.2024 14:31,1967,556,,,
04.11.2024 14:31,1944,557,,,
04.11.2024 14:31,1932,558,,1932,"1932,"
04.11.2024 14:31,1935,559,,1935,"1935,"
04.11.2024 14:31,1937,560,,1937,"1937,"
04.11.2024 14:31,1956,561,,1956,"1956,"
04.11.2024 14:31,1954,562,,1954,"1954,"
04.11.2024 14:31,1961,563,,1961,"1961,"
04.11.2024 14:31,1964,564,,1964,"1964,"
04.11.2024 14:31,1963,565,,1963,"1963,"
04.11.2024 14:31,1965,566,,1965,"1965,"
04.11.2024 14:31,1964,567,,1964,"1964,"
04.11.2024 14:31,1967,568,,1967,"1967,"
04.11.2024 14:31,1965,569,,1965,"1965,"
04.11.2024 14:31,1962,570,,1962,"1962,"
04.11.2024 14:31,1966,571,,1966,"1966,"
04.11.2024 14:31,1965,572,,1965,"1965,"
04.11.2024 14:31,1965,573,,1965,"1965,"
04.11.2024 14:31,1963,574,,1963,"1963,"
04.11.2024 14:31,1935,575,,1935,"1935,"
04.11.2024 14:31,1932,576,,1932,"1932,"
04.11.2024 14:31,1935,577,,1935,"1935,"
04.11.2024 14:31,1935,578,,1935,"1935,"
04.11.2024 14:31,1938,579,,1938,"1938,"
04.11.2024 14:31,1942,580,,1942,"1942,"
04.11.2024 14:31,1962,581,,1962,"1962,"
04.11.2024 14:31,1960,582,,1960,"1960,"
04.11.2024 14:31,1963,583,,1963,"1963,"
04.11.2024 14:31,1967,584,,1967,"1967,"
04.11.2024 14:31,1961,585,,1961,"1961,"
04.11.2024 14:31,1966,586,,1966,"1966,"
04.11.2024 14:31,1937,587,,1937,"1937,"
04.11.2024 14:31,1941,588,,1941,"1941,"
04.11.2024 14:31,1942,589,,1942,"1942,"
04.11.2024 14:31,1943,590,,1943,"1943,"
04.11.2024 14:31,1970,591,,1970,"1970,"
04.11.2024 14:31,1976,592,,1976,"1976,"
04.11.2024 14:31,1980,593,,1980,"1980,"
04.11.2024 14:31,1982,594,,1982,"1982,"
04.11.2024 14:31,1980,595,,1980,"1980,"
04.11.2024 14:31,1982,596,,1982,"1982,"
04.11.2024 14:31,1982,597,,1982,"1982,"
04.11.2024 14:31,1983,598,,1983,"1983,"
04.11.2024 14:31,1984,599,,1984,"1984,"
04.11.2024 14:31,1982,600,,1982,"1982,"
04.11.2024 14:31,1979,601,,1979,"1979,"
04.11.2024 14:31,1980,602,,1980,"1980,"
04.11.2024 14:31,1955,603,,1955,"1955,"
04.11.2024 14:31,1946,604,,1946,"1946,"
04.11.2024 14:31,1942,605,,1942,"1942,"
04.11.2024 14:31,1944,606,,1944,"1944,"
04.11.2024 14:31,1949,607,,1949,"1949,"
04.11.2024 14:31,1962,608,,1962,"1962,"
04.11.2024 14:31,1959,609,,1959,"1959,"
04.11.2024 14:31,1968,610,,1968,"1968,"
04.11.2024 14:31,1969,611,,1969,"1969,"
04.11.2024 14:31,1964,612,,1964,"1964,"
04.11.2024 14:31,1965,613,,1965,"1965,"
04.11.2024 14:31,1968,614,,1968,"1968,"
04.11.2024 14:31,1966,615,,1966,"1966,"
04.11.2024 14:31,1966,616,,1966,"1966,"
04.11.2024 14:31,1963,617,,1963,"1963,"
04.11.2024 14:31,1938,618,,1938,"1938,"
04.11.2024 14:31,1934,619,,1934,"1934,"
04.11.2024 14:31,1938,620,,1938,"1938,"
04.11.2024 14:31,1938,621,,1938,"1938,"
04.11.2024 14:31,1933,622,,1933,"1933,"
04.11.2024 14:31,1938,623,,1938,"1938,"
04.11.2024 14:31,1942,624,,1942,"1942,"
04.11.2024 14:31,1942,625,,1942,"1942,"
04.11.2024 14:31,1943,626,,1943,"1943,"
04.11.2024 14:31,1943,627,,1943,"1943,"
04.11.2024 14:31,1943,628,,1943,"1943,"
04.11.2024 14:31,1946,629,,1946,"1946,"
04.11.2024 14:31,1946,630,,1946,"1946,"
04.11.2024 14:31,1966,631,,1966,"1966,"
04.11.2024 14:31,1972,632,,1972,"1972,"
04.11.2024 14:31,1980,633,,1980,"1980,"
04.11.2024 14:31,1980,634,,1980,"1980,"
04.11.2024 14:31,1980,635,,1980,"1980,"
04.11.2024 14:31,1980,636,,1980,"1980,"
04.11.2024 14:31,1982,637,,1982,"1982,"
04.11.2024 14:31,1984,638,,1984,"1984,"
04.11.2024 14:31,1985,639,,1985,"1985,"
04.11.2024 14:31,1984,640,,1984,"1984,"
04.11.2024 14:31,1985,641,,1985,"1985,"
04.11.2024 14:31,1985,642,,1985,"1985,"
04.11.2024 14:31,1989,643,,1989,"1989,"
04.11.2024 14:31,1971,644,,1971,"1971,"
04.11.2024 14:31,1966,645,,1966,"1966,"
04.11.2024 14:31,1966,646,,1966,"1966,"
04.11.2024 14:31,1965,647,,1965,"1965,"
04.11.2024 14:31,1963,648,,1963,"1963,"
04.11.2024 14:31,1953,649,,1953,"1953,"
04.11.2024 14:31,1938,650,,1938,"1938,"
04.11.2024 14:31,1940,651,,1940,"1940,"
04.11.2024 14:31,1941,652,,1941,"1941,"
04.11.2024 14:31,1942,653,,1942,"1942,"
04.11.2024 14:31,1931,654,,1931,"1931,"
04.11.2024 14:31,1942,655,,1942,"1942,"
04.11.2024 14:31,1942,656,,1942,"1942,"
04.11.2024 14:31,1948,657,,1948,"1948,"
04.11.2024 14:31,1957,658,,1957,"1957,"
04.11.2024 14:31,1961,659,,1961,"1961,"
04.11.2024 14:31,1965,660,,1965,"1965,"
04.11.2024 14:31,1963,661,,1963,"1963,"
04.11.2024 14:31,1964,662,,1964,"1964,"
04.11.2024 14:31,1965,663,,1965,"1965,"
04.11.2024 14:31,1963,664,,1963,"1963,"
04.11.2024 14:31,1966,665,,1966,"1966,"
04.11.2024 14:31,1962,666,,1962,"1962,"
04.11.2024 14:31,1964,667,,1964,"1964,"
04.11.2024 14:31,1964,668,,1964,"1964,"
04.11.2024 14:31,1966,669,,1966,"1966,"
04.11.2024 14:31,1960,670,,1960,"1960,"
04.11.2024 14:31,1965,671,,1965,"1965,"
04.11.2024 14:31,1964,672,,1964,"1964,"
04.11.2024 14:31,1966,673,,1966,"1966,"
04.11.2024 14:31,1962,674,,1962,"1962,"
04.11.2024 14:31,1942,675,,1942,"1942,"
04.11.2024 14:31,1928,676,,1928,"1928,"
04.11.2024 14:31,1951,677,,1951,"1951,"
04.11.2024 14:31,1959,678,,1959,"1959,"
04.11.2024 14:31,1963,679,,1963,"1963,"
04.11.2024 14:31,1966,680,,1966,"1966,"
04.11.2024 14:31,1941,681,,1941,"1941,"
04.11.2024 14:31,1929,682,,1929,"1929,"
04.11.2024 14:31,1933,683,,1933,"1933,"
04.11.2024 14:31,1938,684,,1938,"1938,"
04.11.2024 14:31,1958,685,,1958,"1958,"
04.11.2024 14:31,1958,686,,1958,"1958,"
04.11.2024 14:31,1961,687,,1961,"1961,"
04.11.2024 14:31,1965,688,,1965,"1965,"
04.11.2024 14:31,1966,689,,1966,"1966,"
04.11.2024 14:31,1967,690,,1967,"1967,"
04.11.2024 14:31,1965,691,,1965,"1965,"
04.11.2024 14:31,1966,692,,1966,"1966,"
04.11.2024 14:31,1964,693,,1964,"1964,"
04.11.2024 14:31,1962,694,,1962,"1962,"
04.11.2024 14:31,1966,695,,1966,"1966,"
04.11.2024 14:31,1964,696,,1964,"1964,"
04.11.2024 14:31,1967,697,,1967,"1967,"
04.11.2024 14:31,1960,698,,1960,"1960,"
04.11.2024 14:31,1933,699,,1933,"1933,"
04.11.2024 14:31,1933,700,,1933,"1933,"
04.11.2024 14:31,1934,701,,1934,"1934,"
04.11.2024 14:31,1935,702,,1935,"1935,"
04.11.2024 14:31,1935,703,,1935,"1935,"
04.11.2024 14:31,1939,704,,1939,"1939,"
04.11.2024 14:31,1962,705,,1962,"1962,"
04.11.2024 14:31,1959,706,,1959,"1959,"
04.11.2024 14:31,1962,707,,1962,"1962,"
04.11.2024 14:31,1967,708,,1967,"1967,"
04.11.2024 14:31,1964,709,,1964,"1964,"
04.11.2024 14:31,1963,710,,1963,"1963,"
04.11.2024 14:31,1942,711,,1942,"1942,"
04.11.2024 14:31,1940,712,,1940,"1940,"
04.11.2024 14:31,1941,713,,1941,"1941,"
04.11.2024 14:31,1942,714,,1942,"1942,"
04.11.2024 14:31,1974,715,,1974,"1974,"
04.11.2024 14:31,1974,716,,1974,"1974,"
04.11.2024 14:31,1982,717,,1982,"1982,"
04.11.2024 14:31,1984,718,,1984,"1984,"
04.11.2024 14:31,1986,719,,1986,"1986,"
04.11.2024 14:31,1986,720,,1986,"1986,"
04.11.2024 14:31,1985,721,,1985,"1985,"
04.11.2024 14:31,1983,722,,1983,"1983,"
04.11.2024 14:31,1981,723,,1981,"1981,"
04.11.2024 14:31,1981,724,,1981,"1981,"
04.11.2024 14:31,1982,725,,1982,"1982,"
04.11.2024 14:31,1984,726,,1984,"1984,"
04.11.2024 14:31,1950,727,,1950,"1950,"
04.11.2024 14:31,1943,728,,1943,"1943,"
04.11.2024 14:31,1946,729,,1946,"1946,"
04.11.2024 14:31,1943,730,,1943,"1943,"
04.11.2024 14:31,1950,731,,1950,"1950,"
04.11.2024 14:31,1963,732,,1963,"1963,"
04.11.2024 14:31,1962,733,,1962,"1962,"
04.11.2024 14:31,1964,734,,1964,"1964,"
04.11.2024 14:31,1961,735,,1961,"1961,"
04.11.2024 14:31,1961,736,,1961,"1961,"
04.11.2024 14:31,1961,737,,1961,"1961,"
04.11.2024 14:31,1964,738,,1964,"1964,"
04.11.2024 14:31,1962,739,,1962,"1962,"
04.11.2024 14:31,1964,740,,1964,"1964,"
04.11.2024 14:31,1965,741,,1965,"1965,"
04.11.2024 14:31,1930,742,,1930,"1930,"
04.11.2024 14:31,1935,743,,1935,"1935,"
04.11.2024 14:31,1937,744,,1937,"1937,"
04.11.2024 14:31,1935,745,,1935,"1935,"
04.11.2024 14:31,1941,746,,1941,"1941,"
04.11.2024 14:31,1943,747,,1943,"1943,"
04.11.2024 14:31,1943,748,,1943,"1943,"
04.11.2024 14:31,1942,749,,1942,"1942,"
04.11.2024 14:31,1942,750,,1942,"1942,"
04.11.2024 14:31,1942,751,,1942,"1942,"
04.11.2024 14:31,1943,752,,1943,"1943,"
04.11.2024 14:31,1947,753,,1947,"1947,"
04.11.2024 14:31,1948,754,,1948,"1948,"
04.11.2024 14:31,1970,755,,1970,"1970,"
04.11.2024 14:31,1973,756,,1973,"1973,"
04.11.2024 14:32,1980,757,,1980,"1980,"
04.11.2024 14:32,1983,758,,1983,"1983,"
04.11.2024 14:32,1982,759,,1982,"1982,"
04.11.2024 14:32,1980,760,,1980,"1980,"
04.11.2024 14:32,1981,761,,1981,"1981,"
04.11.2024 14:32,1982,762,,1982,"1982,"
04.11.2024 14:32,1982,763,,1982,"1982,"
04.11.2024 14:32,1984,764,,1984,"1984,"
04.11.2024 14:32,1985,765,,1985,"1985,"
04.11.2024 14:32,1986,766,,1986,"1986,"
04.11.2024 14:32,1981,767,,1981,"1981,"
04.11.2024 14:32,1972,768,,1972,"1972,"
04.11.2024 14:32,1967,769,,1967,"1967,"
04.11.2024 14:32,1966,770,,1966,"1966,"
04.11.2024 14:32,1965,771,,1965,"1965,"
04.11.2024 14:32,1963,772,,1963,"1963,"
04.11.2024 14:32,1942,773,,1942,"1942,"
04.11.2024 14:32,1937,774,,1937,"1937,"
04.11.2024 14:32,1938,775,,1938,"1938,"
04.11.2024 14:32,1941,776,,1941,"1941,"
04.11.2024 14:32,1938,777,,1938,"1938,"
04.11.2024 14:32,1937,778,,1937,"1937,"
04.11.2024 14:32,1942,779,,1942,"1942,"
04.11.2024 14:32,1945,780,,1945,"1945,"
04.11.2024 14:32,1953,781,,1953,"1953,"
04.11.2024 14:32,1962,782,,1962,"1962,"
04.11.2024 14:32,1963,783,,1963,"1963,"
04.11.2024 14:32,1966,784,,1966,"1966,"
04.11.2024 14:32,1963,785,,1963,"1963,"
04.11.2024 14:32,1964,786,,1964,"1964,"
04.11.2024 14:32,1965,787,,1965,"1965,"
04.11.2024 14:32,1964,788,,1964,"1964,"
04.11.2024 14:32,1963,789,,1963,"1963,"
04.11.2024 14:32,1960,790,,1960,"1960,"
04.11.2024 14:32,1965,791,,1965,"1965,"
04.11.2024 14:32,1964,792,,1964,"1964,"
04.11.2024 14:32,1965,793,,1965,"1965,"
04.11.2024 14:32,1959,794,,1959,"1959,"
04.11.2024 14:32,1965,795,,1965,"1965,"
04.11.2024 14:32,1965,796,,1965,"1965,"
04.11.2024 14:32,1965,797,,1965,"1965,"
04.11.2024 14:32,1963,798,,1963,"1963,"
04.11.2024 14:32,1939,799,,1939,"1939,"
04.11.2024 14:32,1928,800,,1928,"1928,"
04.11.2024 14:32,1954,801,,1954,"1954,"
04.11.2024 14:32,1961,802,,1961,"1961,"
04.11.2024 14:32,1961,803,,1961,"1961,"
04.11.2024 14:32,1967,804,,1967,"1967,"
04.11.2024 14:32,1942,805,,1942,"1942,"
04.11.2024 14:32,1929,806,,1929,"1929,"
04.11.2024 14:32,1935,807,,1935,"1935,"
04.11.2024 14:32,1940,808,,1940,"1940,"
04.11.2024 14:32,1958,809,,1958,"1958,"
04.11.2024 14:32,1953,810,,1953,"1953,"
04.11.2024 14:32,1959,811,,1959,"1959,"
04.11.2024 14:32,1967,812,,1967,"1967,"
04.11.2024 14:32,1965,813,,1965,"1965,"
04.11.2024 14:32,1964,814,,1964,"1964,"
04.11.2024 14:32,1964,815,,1964,"1964,"
04.11.2024 14:32,1964,816,,1964,"1964,"
04.11.2024 14:32,1962,817,,1962,"1962,"
04.11.2024 14:32,1962,818,,1962,"1962,"
04.11.2024 14:32,1967,819,,1967,"1967,"
04.11.2024 14:32,1963,820,,1963,"1963,"
04.11.2024 14:32,1966,821,,1966,"1966,"
04.11.2024 14:32,1962,822,,1962,"1962,"
04.11.2024 14:32,1935,823,,1935,"1935,"
04.11.2024 14:32,1932,824,,1932,"1932,"
04.11.2024 14:32,1934,825,,1934,"1934,"
04.11.2024 14:32,1934,826,,1934,"1934,"
04.11.2024 14:32,1938,827,,1938,"1938,"
04.11.2024 14:32,1944,828,,1944,"1944,"
04.11.2024 14:32,1957,829,,1957,"1957,"
04.11.2024 14:32,1958,830,,1958,"1958,"
04.11.2024 14:32,1966,831,,1966,"1966,"
04.11.2024 14:32,1967,832,,1967,"1967,"
04.11.2024 14:32,1962,833,,1962,"1962,"
04.11.2024 14:32,1944,834,,1944,"1944,"
04.11.2024 14:32,1938,835,,1938,"1938,"
04.11.2024 14:32,1939,836,,1939,"1939,"
04.11.2024 14:32,1940,837,,1940,"1940,"
04.11.2024 14:32,1962,838,,1962,"1962,"
04.11.2024 14:32,1971,839,,1971,"1971,"
04.11.2024 14:32,1981,840,,1981,"1981,"
04.11.2024 14:32,1982,841,,1982,"1982,"
04.11.2024 14:32,1981,842,,1981,"1981,"
04.11.2024 14:32,1981,843,,1981,"1981,"
04.11.2024 14:32,1982,844,,1982,"1982,"
04.11.2024 14:32,1984,845,,1984,"1984,"
04.11.2024 14:32,1983,846,,1983,"1983,"
04.11.2024 14:32,1979,847,,1979,"1979,"
04.11.2024 14:32,1980,848,,1980,"1980,"
04.11.2024 14:32,1982,849,,1982,"1982,"
04.11.2024 14:32,1973,850,,1973,"1973,"
04.11.2024 14:32,1951,851,,1951,"1951,"
04.11.2024 14:32,1946,852,,1946,"1946,"
04.11.2024 14:32,1946,853,,1946,"1946,"
04.11.2024 14:32,1947,854,,1947,"1947,"
04.11.2024 14:32,1960,855,,1960,"1960,"
04.11.2024 14:32,1958,856,,1958,"1958,"
04.11.2024 14:32,1966,857,,1966,"1966,"
04.11.2024 14:32,1967,858,,1967,"1967,"
04.11.2024 14:32,1965,859,,1965,"1965,"
04.11.2024 14:32,1964,860,,1964,"1964,"
04.11.2024 14:32,1965,861,,1965,"1965,"
04.11.2024 14:32,1964,862,,1964,"1964,"
04.11.2024 14:32,1965,863,,1965,"1965,"
04.11.2024 14:32,1962,864,,1962,"1962,"
04.11.2024 14:32,1942,865,,1942,"1942,"
04.11.2024 14:32,1933,866,,1933,"1933,"
04.11.2024 14:32,1939,867,,1939,"1939,"
04.11.2024 14:32,1939,868,,1939,"1939,"
04.11.2024 14:32,1938,869,,1938,"1938,"
04.11.2024 14:32,1938,870,,1938,"1938,"
04.11.2024 14:32,1941,871,,1941,"1941,"
04.11.2024 14:32,1940,872,,1940,"1940,"
04.11.2024 14:32,1944,873,,1944,"1944,"
04.11.2024 14:32,1944,874,,1944,"1944,"
04.11.2024 14:32,1943,875,,1943,"1943,"
04.11.2024 14:32,1947,876,,1947,"1947,"
04.11.2024 14:32,1946,877,,1946,"1946,"
04.11.2024 14:32,1954,878,,1954,"1954,"
04.11.2024 14:32,1971,879,,1971,"1971,"
04.11.2024 14:32,1977,880,,1977,"1977,"
04.11.2024 14:32,1979,881,,1979,"1979,"
04.11.2024 14:32,1980,882,,1980,"1980,"
04.11.2024 14:32,1982,883,,1982,"1982,"
04.11.2024 14:32,1985,884,,1985,"1985,"
04.11.2024 14:32,1986,885,,1986,"1986,"
04.11.2024 14:32,1985,886,,1985,"1985,"
04.11.2024 14:32,1985,887,,1985,"1985,"
04.11.2024 14:32,1985,888,,1985,"1985,"
04.11.2024 14:32,1984,889,,1984,"1984,"
04.11.2024 14:32,1985,890,,1985,"1985,"
04.11.2024 14:32,1973,891,,1973,"1973,"
04.11.2024 14:32,1968,892,,1968,"1968,"
04.11.2024 14:32,1967,893,,1967,"1967,"
04.11.2024 14:32,1965,894,,1965,"1965,"
04.11.2024 14:32,1964,895,,1964,"1964,"
04.11.2024 14:32,1963,896,,1963,"1963,"
04.11.2024 14:32,1936,897,,1936,"1936,"
04.11.2024 14:32,1938,898,,1938,"1938,"
04.11.2024 14:32,1938,899,,1938,"1938,"
04.11.2024 14:32,1940,900,,1940,"1940,"
04.11.2024 14:32,1937,901,,1937,"1937,"
04.11.2024 14:32,1942,902,,1942,"1942,"
04.11.2024 14:32,1944,903,,1944,"1944,"
04.11.2024 14:32,1947,904,,1947,"1947,"
04.11.2024 14:32,1956,905,,1956,"1956,"
04.11.2024 14:32,1964,906,,1964,"1964,"
04.11.2024 14:32,1966,907,,1966,"1966,"
04.11.2024 14:32,1964,908,,1964,"1964,"
04.11.2024 14:32,1963,909,,1963,"1963,"
04.11.2024 14:32,1965,910,,1965,"1965,"
04.11.2024 14:32,1964,911,,1964,"1964,"
04.11.2024 14:32,1966,912,,1966,"1966,"
04.11.2024 14:32,1962,913,,1962,"1962,"
04.11.2024 14:32,1962,914,,1962,"1962,"
04.11.2024 14:32,1966,915,,1966,"1966,"
04.11.2024 14:32,1964,916,,1964,"1964,"
04.11.2024 14:32,1965,917,,1965,"1965,"
04.11.2024 14:32,1965,918,,1965,"1965,"
04.11.2024 14:32,1960,919,,1960,"1960,"
04.11.2024 14:32,1965,920,,1965,"1965,"
04.11.2024 14:32,1964,921,,1964,"1964,"
04.11.2024 14:32,1963,922,,1963,"1963,"
04.11.2024 14:32,1925,923,,1925,"1925,"
04.11.2024 14:32,1941,924,,1941,"1941,"
04.11.2024 14:32,1955,925,,1955,"1955,"
04.11.2024 14:32,1961,926,,1961,"1961,"
04.11.2024 14:32,1964,927,,1964,"1964,"
04.11.2024 14:32,1966,928,,1966,"1966,"
04.11.2024 14:32,1929,929,,1929,"1929,"
04.11.2024 14:32,1932,930,,1932,"1932,"
04.11.2024 14:32,1935,931,,1935,"1935,"
04.11.2024 14:32,1943,932,,1943,"1943,"
04.11.2024 14:32,1959,933,,1959,"1959,"
04.11.2024 14:32,1956,934,,1956,"1956,"
04.11.2024 14:32,1960,935,,1960,"1960,"
04.11.2024 14:32,1965,936,,1965,"1965,"
04.11.2024 14:32,1966,937,,1966,"1966,"
04.11.2024 14:32,1965,938,,1965,"1965,"
04.11.2024 14:32,1963,939,,1963,"1963,"
04.11.2024 14:32,1964,940,,1964,"1964,"
04.11.2024 14:32,1963,941,,1963,"1963,"
04.11.2024 14:32,1964,942,,1964,"1964,"
04.11.2024 14:32,1966,943,,1966,"1966,"
04.11.2024 14:32,1965,944,,1965,"1965,"
04.11.2024 14:32,1964,945,,1964,"1964,"
04.11.2024 14:32,1963,946,,1963,"1963,"
04.11.2024 14:32,1924,947,,1924,"1924,"
04.11.2024 14:32,1934,948,,1934,"1934,"
04.11.2024 14:32,1934,949,,1934,"1934,"
04.11.2024 14:32,1932,950,,1932,"1932,"
04.11.2024 14:32,1937,951,,1937,"1937,"
04.11.2024 14:32,1948,952,,1948,"1948,"
04.11.2024 14:32,1963,953,,1963,"1963,"
04.11.2024 14:32,1961,954,,1961,"1961,"
04.11.2024 14:32,1966,955,,1966,"1966,"
04.11.2024 14:32,1964,956,,1964,"1964,"
04.11.2024 14:32,1963,957,,1963,"1963,"
04.11.2024 14:32,1939,958,,1939,"1939,"
04.11.2024 14:32,1936,959,,1936,"1936,"
04.11.2024 14:32,1940,960,,1940,"1940,"
04.11.2024 14:32,1942,961,,1942,"1942,"
04.11.2024 14:32,1971,962,,1971,"1971,"
04.11.2024 14:32,1977,963,,1977,"1977,"
04.11.2024 14:32,1982,964,,1982,"1982,"
04.11.2024 14:32,1983,965,,1983,"1983,"
04.11.2024 14:32,1982,966,,1982,"1982,"
04.11.2024 14:32,1982,967,,1982,"1982,"
04.11.2024 14:32,1985,968,,1985,"1985,"
04.11.2024 14:32,1984,969,,1984,"1984,"
04.11.2024 14:32,1983,970,,1983,"1983,"
04.11.2024 14:32,1980,971,,1980,"1980,"
04.11.2024 14:32,1979,972,,1979,"1979,"
04.11.2024 14:32,1982,973,,1982,"1982,"
04.11.2024 14:32,1951,974,,1951,"1951,"
04.11.2024 14:32,1944,975,,1944,"1944,"
04.11.2024 14:32,1947,976,,1947,"1947,"
04.11.2024 14:32,1947,977,,1947,"1947,"
04.11.2024 14:32,1955,978,,1955,"1955,"
04.11.2024 14:32,1961,979,,1961,"1961,"
04.11.2024 14:32,1961,980,,1961,"1961,"
04.11.2024 14:32,1967,981,,1967,"1967,"
04.11.2024 14:32,1966,982,,1966,"1966,"
04.11.2024 14:32,1965,983,,1965,"1965,"
04.11.2024 14:32,1963,984,,1963,"1963,"
04.11.2024 14:32,1965,985,,1965,"1965,"
04.11.2024 14:32,1966,986,,1966,"1966,"
04.11.2024 14:32,1964,987,,1964,"1964,"
04.11.2024 14:32,1963,988,,1963,"1963,"
04.11.2024 14:32,1930,989,,1930,"1930,"
04.11.2024 14:32,1936,990,,1936,"1936,"
04.11.2024 14:32,1937,991,,1937,"1937,"
04.11.2024 14:32,1938,992,,1938,"1938,"
04.11.2024 14:32,1941,993,,1941,"1941,"
04.11.2024 14:32,1941,994,,1941,"1941,"
04.11.2024 14:32,1941,995,,1941,"1941,"
04.11.2024 14:32,1944,996,,1944,"1944,"
04.11.2024 14:32,1943,997,,1943,"1943,"
04.11.2024 14:32,1943,998,,1943,"1943,"
04.11.2024 14:32,1945,999,,1945,"1945,"
04.11.2024 14:32,1946,1000,,1946,"1946,"
04.11.2024 14:32,1945,1001,,1945,"1945,"
04.11.2024 14:32,1967,1002,,1967,"1967,"
04.11.2024 14:32,1972,1003,,1972,"1972,"
04.11.2024 14:32,1979,1004,,1979,"1979,"
04.11.2024 14:32,1980,1005,,1980,"1980,"
04.11.2024 14:32,1982,1006,,1982,"1982,"
04.11.2024 14:32,1984,1007,,1984,"1984,"
04.11.2024 14:32,1987,1008,,1987,"1987,"
04.11.2024 14:32,1986,1009,,1986,"1986,"
04.11.2024 14:32,1985,1010,,1985,"1985,"
04.11.2024 14:32,1983,1011,,1983,"1983,"
04.11.2024 14:32,1984,1012,,1984,"1984,"
04.11.2024 14:32,1984,1013,,1984,"1984,"
04.11.2024 14:32,1987,1014,,1987,"1987,"
04.11.2024 14:32,1972,1015,,1972,"1972,"
04.11.2024 14:32,1966,1016,,1966,"1966,"
04.11.2024 14:32,1967,1017,,1967,"1967,"
04.11.2024 14:32,1965,1018,,1965,"1965,"
04.11.2024 14:32,1963,1019,,1963,"1963,"
04.11.2024 14:32,1945,1020,,1945,"1945,"
04.11.2024 14:32,1937,1021,,1937,"1937,"
04.11.2024 14:32,1938,1022,,1938,"1938,"
04.11.2024 14:32,1940,1023,,1940,"1940,"
04.11.2024 14:32,1941,1024,,1941,"1941,"
04.11.2024 14:32,1935,1025,,1935,"1935,"
04.11.2024 14:32,1942,1026,,1942,"1942,"
04.11.2024 14:32,1944,1027,,1944,"1944,"
04.11.2024 14:32,1950,1028,,1950,"1950,"
04.11.2024 14:32,1960,1029,,1960,"1960,"
04.11.2024 14:32,1961,1030,,1961,"1961,"
04.11.2024 14:32,1965,1031,,1965,"1965,"
04.11.2024 14:32,1964,1032,,1964,"1964,"
04.11.2024 14:32,1964,1033,,1964,"1964,"
04.11.2024 14:32,1966,1034,,1966,"1966,"
04.11.2024 14:32,1964,1035,,1964,"1964,"
04.11.2024 14:32,1965,1036,,1965,"1965,"
04.11.2024 14:32,1961,1037,,1961,"1961,"
04.11.2024 14:32,1965,1038,,1965,"1965,"
04.11.2024 14:32,1966,1039,,1966,"1966,"
04.11.2024 14:32,1964,1040,,1964,"1964,"
04.11.2024 14:32,1962,1041,,1962,"1962,"
04.11.2024 14:32,1963,1042,,1963,"1963,"
04.11.2024 14:32,1965,1043,,1965,"1965,"
04.11.2024 14:32,1966,1044,,1966,"1966,"
04.11.2024 14:32,1963,1045,,1963,"1963,"
04.11.2024 14:32,1951,1046,,1951,"1951,"
04.11.2024 14:32,1928,1047,,1928,"1928,"
04.11.2024 14:32,1952,1048,,1952,"1952,"
04.11.2024 14:32,1960,1049,,1960,"1960,"
04.11.2024 14:32,1961,1050,,1961,"1961,"
04.11.2024 14:32,1966,1051,,1966,"1966,"
04.11.2024 14:32,1947,1052,,1947,"1947,"
04.11.2024 14:32,1931,1053,,1931,"1931,"
04.11.2024 14:32,1933,1054,,1933,"1933,"
04.11.2024 14:32,1937,1055,,1937,"1937,"
04.11.2024 14:32,1955,1056,,1955,"1955,"
04.11.2024 14:32,1953,1057,,1953,"1953,"
04.11.2024 14:32,1959,1058,,1959,"1959,"
04.11.2024 14:32,1965,1059,,1965,"1965,"
04.11.2024 14:32,1965,1060,,1965,"1965,"
04.11.2024 14:32,1965,1061,,1965,"1965,"
04.11.2024 14:32,1963,1062,,1963,"1963,"
04.11.2024 14:32,1965,1063,,1965,"1965,"
04.11.2024 14:32,1964,1064,,1964,"1964,"
04.11.2024 14:32,1963,1065,,1963,"1963,"
04.11.2024 14:32,1966,1066,,1966,"1966,"
04.11.2024 14:32,1964,1067,,1964,"1964,"
04.11.2024 14:32,1965,1068,,1965,"1965,"
04.11.2024 14:32,1962,1069,,1962,"1962,"
04.11.2024 14:32,1939,1070,,1939,"1939,"
04.11.2024 14:32,1933,1071,,1933,"1933,"
04.11.2024 14:32,1936,1072,,1936,"1936,"
04.11.2024 14:32,1936,1073,,1936,"1936,"
04.11.2024 14:32,1938,1074,,1938,"1938,"
04.11.2024 14:32,1942,1075,,1942,"1942,"
04.11.2024 14:32,1960,1076,,1960,"1960,"
04.11.2024 14:32,1958,1077,,1958,"1958,"
04.11.2024 14:32,1960,1078,,1960,"1960,"
04.11.2024 14:32,1964,1079,,1964,"1964,"
04.11.2024 14:32,1962,1080,,1962,"1962,"
04.11.2024 14:32,1964,1081,,1964,"1964,"
04.11.2024 14:32,1937,1082,,1937,"1937,"
04.11.2024 14:32,1940,1083,,1940,"1940,"
04.11.2024 14:32,1941,1084,,1941,"1941,"
04.11.2024 14:32,1943,1085,,1943,"1943,"
04.11.2024 14:32,1971,1086,,1971,"1971,"
04.11.2024 14:32,1977,1087,,1977,"1977,"
04.11.2024 14:32,1980,1088,,1980,"1980,"
04.11.2024 14:32,1981,1089,,1981,"1981,"
04.11.2024 14:32,1982,1090,,1982,"1982,"
04.11.2024 14:32,1981,1091,,1981,"1981,"
04.11.2024 14:32,1984,1092,,1984,"1984,"
04.11.2024 14:32,1984,1093,,1984,"1984,"
04.11.2024 14:32,1983,1094,,1983,"1983,"
04.11.2024 14:32,1981,1095,,1981,"1981,"
04.11.2024 14:32,1982,1096,,1982,"1982,"
04.11.2024 14:32,1985,1097,,1985,"1985,"
04.11.2024 14:32,1953,1098,,1953,"1953,"
04.11.2024 14:32,1946,1099,,1946,"1946,"
04.11.2024 14:32,1946,1100,,1946,"1946,"
04.11.2024 14:32,1945,1101,,1945,"1945,"
04.11.2024 14:32,1951,1102,,1951,"1951,"
04.11.2024 14:32,1962,1103,,1962,"1962,"
04.11.2024 14:32,1960,1104,,1960,"1960,"
04.11.2024 14:32,1965,1105,,1965,"1965,"
04.11.2024 14:32,1967,1106,,1967,"1967,"
04.11.2024 14:32,1963,1107,,1963,"1963,"
04.11.2024 14:32,1964,1108,,1964,"1964,"
04.11.2024 14:32,1966,1109,,1966,"1966,"
04.11.2024 14:32,1965,1110,,1965,"1965,"
04.11.2024 14:32,1965,1111,,1965,"1965,"
04.11.2024 14:32,1963,1112,,1963,"1963,"
04.11.2024 14:32,1931,1113,,,
04.11.2024 14:32,1935,1114,,,
04.11.2024 14:32,1938,1115,,,
04.11.2024 14:32,1937,1116,,,
04.11.2024 14:32,1942,1117,,,
04.11.2024 14:32,1939,1118,,,
04.11.2024 14:32,1942,1119,,,
04.11.2024 14:32,1945,1120,,,
04.11.2024 14:32,1945,1121,,,
04.11.2024 14:32,1945,1122,,,
04.11.2024 14:32,1944,1123,,,
04.11.2024 14:32,1946,1124,,,
04.11.2024 14:32,1945,1125,,,
04.11.2024 14:32,1966,1126,,,
04.11.2024 14:32,1975,1127,,,
04.11.2024 14:32,1984,1128,,,
04.11.2024 14:32,1983,1129,,,
04.11.2024 14:32,1986,1130,,,
04.11.2024 14:32,1986,1131,,,
04.11.2024 14:32,1987,1132,,,
04.11.2024 14:32,1986,1133,,,
04.11.2024 14:32,1983,1134,,,
04.11.2024 14:32,1982,1135,,,
04.11.2024 14:32,1981,1136,,,
04.11.2024 14:32,1980,1137,,,
04.11.2024 14:32,1985,1138,,,
04.11.2024 14:32,1972,1139,,,
04.11.2024 14:32,1966,1140,,,
04.11.2024 14:32,1966,1141,,,
04.11.2024 14:32,1965,1142,,,
04.11.2024 14:32,1963,1143,,,
04.11.2024 14:32,1950,1144,,,
04.11.2024 14:32,1938,1145,,,
04.11.2024 14:32,1939,1146,,,
04.11.2024 14:32,1941,1147,,,
04.11.2024 14:32,1942,1148,,,
04.11.2024 14:32,1935,1149,,,
04.11.2024 14:32,1942,1150,,,
04.11.2024 14:32,1944,1151,,,
04.11.2024 14:32,1949,1152,,,
04.11.2024 14:32,1956,1153,,,
04.11.2024 14:32,1963,1154,,,
04.11.2024 14:32,1966,1155,,,
04.11.2024 14:32,1964,1156,,,
04.11.2024 14:32,1963,1157,,,
04.11.2024 14:32,1966,1158,,,
04.11.2024 14:32,1964,1159,,,
04.11.2024 14:32,1965,1160,,,
04.11.2024 14:32,1963,1161,,,
04.11.2024 14:32,1964,1162,,,
04.11.2024 14:32,1966,1163,,,
04.11.2024 14:32,1965,1164,,,
04.11.2024 14:32,1964,1165,,,
04.11.2024 14:32,1965,1166,,,
04.11.2024 14:32,1964,1167,,,
04.11.2024 14:32,1964,1168,,,
04.11.2024 14:32,1963,1169,,,
04.11.2024 14:32,1964,1170,,,
04.11.2024 14:32,1920,1171,,,
04.11.2024 14:32,1946,1172,,,
04.11.2024 14:32,1960,1173,,,
04.11.2024 14:32,1956,1174,,,
04.11.2024 14:32,1964,1175,,,
04.11.2024 14:32,1968,1176,,,
04.11.2024 14:32,1929,1177,,,
04.11.2024 14:32,1930,1178,,,
04.11.2024 14:32,1934,1179,,,
04.11.2024 14:32,1948,1180,,,
04.11.2024 14:32,1955,1181,,,
04.11.2024 14:32,1958,1182,,,
04.11.2024 14:32,1964,1183,,,
04.11.2024 14:32,1966,1184,,,
04.11.2024 14:32,1964,1185,,,
04.11.2024 14:32,1964,1186,,,
04.11.2024 14:32,1964,1187,,,
04.11.2024 14:32,1963,1188,,,
04.11.2024 14:32,1961,1189,,,
04.11.2024 14:32,1965,1190,,,
04.11.2024 14:32,1964,1191,,,
04.11.2024 14:32,1965,1192,,,
04.11.2024 14:32,1964,1193,,,
04.11.2024 14:32,1959,1194,,,
04.11.2024 14:32,1931,1195,,,
04.11.2024 14:32,1931,1196,,,
04.11.2024 14:32,1936,1197,,,
04.11.2024 14:32,1937,1198,,,
04.11.2024 14:32,1940,1199,,,
04.11.2024 14:32,1953,1200,,,
04.11.2024 14:32,1955,1201,,,
04.11.2024 14:32,1959,1202,,,
04.11.2024 14:32,1964,1203,,,
04.11.2024 14:32,1967,1204,,,
04.11.2024 14:32,1963,1205,,,
04.11.2024 14:32,1947,1206,,,
04.11.2024 14:32,1942,1207,,,
04.11.2024 14:32,1940,1208,,,
04.11.2024 14:32,1940,1209,,,
04.11.2024 14:32,1951,1210,,,
04.11.2024 14:32,1979,1211,,,
04.11.2024 14:32,1980,1212,,,
04.11.2024 14:32,1982,1213,,,
04.11.2024 14:32,1982,1214,,,
04.11.2024 14:32,1982,1215,,,
04.11.2024 14:32,1983,1216,,,
04.11.2024 14:32,1985,1217,,,
04.11.2024 14:32,1986,1218,,,
04.11.2024 14:32,1984,1219,,,
04.11.2024 14:32,1986,1220,,,
04.11.2024 14:32,1985,1221,,,
04.11.2024 14:32,1983,1222,,,
04.11.2024 14:32,1944,1223,,,
04.11.2024 14:32,1943,1224,,,
04.11.2024 14:32,1943,1225,,,
04.11.2024 14:32,1941,1226,,,
04.11.2024 14:32,1956,1227,,,
04.11.2024 14:32,1960,1228,,,
04.11.2024 14:32,1964,1229,,,
04.11.2024 14:32,1963,1230,,,
04.11.2024 14:32,1962,1231,,,
04.11.2024 14:32,1966,1232,,,
04.11.2024 14:32,1965,1233,,,
04.11.2024 14:32,1963,1234,,,
04.11.2024 14:32,1962,1235,,,
04.11.2024 14:32,1961,1236,,,
04.11.2024 14:32,1951,1237,,,
04.11.2024 14:32,1935,1238,,,
04.11.2024 14:32,1937,1239,,,
04.11.2024 14:32,1937,1240,,,
04.11.2024 14:32,1940,1241,,,
04.11.2024 14:32,1937,1242,,,
04.11.2024 14:32,1942,1243,,,
04.11.2024 14:32,1942,1244,,,
04.11.2024 14:32,1945,1245,,,
04.11.2024 14:32,1945,1246,,,
04.11.2024 14:32,1943,1247,,,
04.11.2024 14:32,1943,1248,,,
04.11.2024 14:32,1946,1249,,,
04.11.2024 14:32,1949,1250,,,
04.11.2024 14:32,1972,1251,,,
04.11.2024 14:32,1975,1252,,,
04.11.2024 14:32,1978,1253,,,
04.11.2024 14:32,1981,1254,,,
04.11.2024 14:32,1982,1255,,,
04.11.2024 14:32,1983,1256,,,
04.11.2024 14:32,1986,1257,,,
04.11.2024 14:32,1985,1258,,,
04.11.2024 14:32,1984,1259,,,
04.11.2024 14:32,1985,1260,,,
04.11.2024 14:32,1985,1261,,,
04.11.2024 14:32,1985,1262,,,
04.11.2024 14:32,1983,1263,,,
04.11.2024 14:32,1972,1264,,,
04.11.2024 14:32,1967,1265,,,
04.11.2024 14:32,1967,1266,,,
04.11.2024 14:32,1964,1267,,,
04.11.2024 14:32,1963,1268,,,
04.11.2024 14:32,1945,1269,,,
04.11.2024 14:32,1939,1270,,,
04.11.2024 14:32,1940,1271,,,
04.11.2024 14:32,1940,1272,,,
04.11.2024 14:32,1940,1273,,,
04.11.2024 14:32,1933,1274,,,
04.11.2024 14:32,1941,1275,,,
04.11.2024 14:32,1945,1276,,,
04.11.2024 14:32,1953,1277,,,
04.11.2024 14:32,1957,1278,,,
04.11.2024 14:32,1966,1279,,,
04.11.2024 14:32,1967,1280,,,
04.11.2024 14:32,1963,1281,,,
04.11.2024 14:32,1963,1282,,,
04.11.2024 14:32,1967,1283,,,
04.11.2024 14:32,1963,1284,,,
04.11.2024 14:32,1965,1285,,,
04.11.2024 14:32,1962,1286,,,
04.11.2024 14:32,1964,1287,,,
04.11.2024 14:32,1966,1288,,,
04.11.2024 14:32,1966,1289,,,
04.11.2024 14:32,1965,1290,,,
04.11.2024 14:32,1964,1291,,,
04.11.2024 14:32,1965,1292,,,
04.11.2024 14:32,1965,1293,,,
04.11.2024 14:32,1963,1294,,,
04.11.2024 14:32,1962,1295,,,
04.11.2024 14:32,1929,1296,,,
04.11.2024 14:32,1950,1297,,,
04.11.2024 14:32,1955,1298,,,
04.11.2024 14:32,1958,1299,,,
04.11.2024 14:32,1966,1300,,,
04.11.2024 14:32,1963,1301,,,
04.11.2024 14:32,1932,1302,,,
04.11.2024 14:32,1930,1303,,,
04.11.2024 14:32,1934,1304,,,
04.11.2024 14:32,1951,1305,,,
04.11.2024 14:32,1958,1306,,,
04.11.2024 14:32,1957,1307,,,
04.11.2024 14:32,1964,1308,,,
04.11.2024 14:32,1964,1309,,,
04.11.2024 14:32,1968,1310,,,
04.11.2024 14:32,1966,1311,,,
04.11.2024 14:32,1965,1312,,,
04.11.2024 14:32,1965,1313,,,
04.11.2024 14:32,1962,1314,,,
04.11.2024 14:32,1965,1315,,,
04.11.2024 14:32,1964,1316,,,
04.11.2024 14:32,1966,1317,,,
04.11.2024 14:32,1962,1318,,,
04.11.2024 14:32,1958,1319,,,
04.11.2024 14:32,1932,1320,,,
04.11.2024 14:32,1934,1321,,,
04.11.2024 14:32,1936,1322,,,
04.11.2024 14:32,1936,1323,,,
04.11.2024 14:32,1939,1324,,,
04.11.2024 14:32,1948,1325,,,
04.11.2024 14:32,1956,1326,,,
04.11.2024 14:32,1965,1327,,,
04.11.2024 14:32,1966,1328,,,
04.11.2024 14:32,1962,1329,,,
04.11.2024 14:32,1963,1330,,,
04.11.2024 14:32,1936,1331,,,
04.11.2024 14:32,1938,1332,,,
04.11.2024 14:32,1941,1333,,,
04.11.2024 14:32,1943,1334,,,
04.11.2024 14:32,1970,1335,,,
04.11.2024 14:32,1975,1336,,,
04.11.2024 14:32,1982,1337,,,
04.11.2024 14:32,1982,1338,,,
04.11.2024 14:32,1984,1339,,,
04.11.2024 14:32,1985,1340,,,
04.11.2024 14:32,1984,1341,,,
04.11.2024 14:32,1982,1342,,,
04.11.2024 14:32,1980,1343,,,
04.11.2024 14:32,1981,1344,,,
04.11.2024 14:32,1984,1345,,,
04.11.2024 14:32,1986,1346,,,
04.11.2024 14:32,1954,1347,,,
04.11.2024 14:32,1946,1348,,,
04.11.2024 14:32,1946,1349,,,
04.11.2024 14:32,1946,1350,,,
04.11.2024 14:32,1951,1351,,,
04.11.2024 14:32,1964,1352,,,
04.11.2024 14:32,1960,1353,,,
04.11.2024 14:32,1967,1354,,,
04.11.2024 14:32,1968,1355,,,
04.11.2024 14:32,1964,1356,,,
04.11.2024 14:32,1964,1357,,,
04.11.2024 14:32,1967,1358,,,
04.11.2024 14:32,1966,1359,,,
04.11.2024 14:32,1966,1360,,,
04.11.2024 14:32,1961,1361,,,
04.11.2024 14:32,1931,1362,,,
04.11.2024 14:32,1935,1363,,,
04.11.2024 14:32,1938,1364,,,
04.11.2024 14:32,1940,1365,,,
04.11.2024 14:32,1937,1366,,,
04.11.2024 14:32,1939,1367,,,
04.11.2024 14:32,1943,1368,,,
04.11.2024 14:32,1944,1369,,,
04.11.2024 14:32,1942,1370,,,
04.11.2024 14:32,1944,1371,,,
04.11.2024 14:32,1943,1372,,,
04.11.2024 14:32,1946,1373,,,
04.11.2024 14:32,1944,1374,,,
04.11.2024 14:32,1959,1375,,,
04.11.2024 14:32,1973,1376,,,
04.11.2024 14:32,1980,1377,,,
04.11.2024 14:32,1980,1378,,,
04.11.2024 14:32,1983,1379,,,
04.11.2024 14:32,1984,1380,,,
04.11.2024 14:32,1985,1381,,,
04.11.2024 14:32,1984,1382,,,
04.11.2024 14:32,1982,1383,,,
04.11.2024 14:32,1979,1384,,,
04.11.2024 14:32,1979,1385,,,
04.11.2024 14:32,1979,1386,,,
04.11.2024 14:32,1983,1387,,,
04.11.2024 14:32,1972,1388,,,
04.11.2024 14:32,1962,1389,,,
04.11.2024 14:32,1963,1390,,,
04.11.2024 14:32,1961,1391,,,
04.11.2024 14:32,1961,1392,,,
04.11.2024 14:32,1947,1393,,,
04.11.2024 14:32,1936,1394,,,
04.11.2024 14:32,1941,1395,,,
04.11.2024 14:32,1942,1396,,,
04.11.2024 14:32,1941,1397,,,
04.11.2024 14:32,1935,1398,,,
04.11.2024 14:32,1940,1399,,,
04.11.2024 14:32,1943,1400,,,
04.11.2024 14:32,1948,1401,,,
04.11.2024 14:32,1955,1402,,,
04.11.2024 14:32,1962,1403,,,
04.11.2024 14:32,1962,1404,,,
04.11.2024 14:32,1960,1405,,,
04.11.2024 14:32,1961,1406,,,
04.11.2024 14:32,1965,1407,,,
04.11.2024 14:32,1963,1408,,,
04.11.2024 14:32,1966,1409,,,
04.11.2024 14:32,1962,1410,,,
04.11.2024 14:32,1965,1411,,,
04.11.2024 14:32,1968,1412,,,
04.11.2024 14:32,1965,1413,,,
04.11.2024 14:32,1965,1414,,,
04.11.2024 14:32,1963,1415,,,
04.11.2024 14:32,1965,1416,,,
04.11.2024 14:32,1964,1417,,,
04.11.2024 14:32,1965,1418,,,
04.11.2024 14:32,1962,1419,,,
04.11.2024 14:32,1922,1420,,,
04.11.2024 14:32,1942,1421,,,
04.11.2024 14:32,1953,1422,,,
04.11.2024 14:32,1962,1423,,,
04.11.2024 14:32,1965,1424,,,
04.11.2024 14:32,1965,1425,,,
04.11.2024 14:32,1928,1426,,,
04.11.2024 14:32,1934,1427,,,
04.11.2024 14:32,1934,1428,,,
04.11.2024 14:32,1944,1429,,,
04.11.2024 14:32,1958,1430,,,
04.11.2024 14:32,1957,1431,,,
04.11.2024 14:32,1960,1432,,,
04.11.2024 14:32,1966,1433,,,
04.11.2024 14:32,1963,1434,,,
04.11.2024 14:32,1964,1435,,,
04.11.2024 14:32,1964,1436,,,
04.11.2024 14:32,1966,1437,,,
04.11.2024 14:32,1964,1438,,,
04.11.2024 14:32,1964,1439,,,
04.11.2024 14:32,1966,1440,,,
04.11.2024 14:32,1966,1441,,,
04.11.2024 14:32,1962,1442,,,
04.11.2024 14:32,1964,1443,,,
04.11.2024 14:32,1925,1444,,,
04.11.2024 14:32,1935,1445,,,
04.11.2024 14:32,1934,1446,,,
04.11.2024 14:32,1932,1447,,,
04.11.2024 14:32,1936,1448,,,
04.11.2024 14:32,1948,1449,,,
04.11.2024 14:32,1959,1450,,,
04.11.2024 14:32,1961,1451,,,
04.11.2024 14:32,1965,1452,,,
04.11.2024 14:32,1962,1453,,,
04.11.2024 14:32,1963,1454,,,
04.11.2024 14:32,1936,1455,,,
04.11.2024 14:32,1938,1456,,,
04.11.2024 14:32,1939,1457,,,
04.11.2024 14:32,1944,1458,,,
04.11.2024 14:32,1970,1459,,,
04.11.2024 14:32,1974,1460,,,
04.11.2024 14:32,1981,1461,,,
04.11.2024 14:32,1982,1462,,,
04.11.2024 14:32,1983,1463,,,
04.11.2024 14:32,1986,1464,,,
04.11.2024 14:32,1985,1465,,,
04.11.2024 14:32,1982,1466,,,
04.11.2024 14:32,1980,1467,,,
04.11.2024 14:32,1980,1468,,,
04.11.2024 14:32,1981,1469,,,
04.11.2024 14:32,1982,1470,,,
04.11.2024 14:32,1947,1471,,,
04.11.2024 14:32,1945,1472,,,
04.11.2024 14:32,1945,1473,,,
04.11.2024 14:32,1945,1474,,,
04.11.2024 14:32,1956,1475,,,
04.11.2024 14:32,1962,1476,,,
04.11.2024 14:32,1962,1477,,,
04.11.2024 14:32,1969,1478,,,
04.11.2024 14:32,1965,1479,,,
04.11.2024 14:32,1969,1480,,,
04.11.2024 14:32,1964,1481,,,
04.11.2024 14:32,1966,1482,,,
04.11.2024 14:32,1966,1483,,,
04.11.2024 14:32,1964,1484,,,
04.11.2024 14:32,1963,1485,,,
04.11.2024 14:32,1933,1486,,,
04.11.2024 14:32,1936,1487,,,
04.11.2024 14:32,1937,1488,,,
04.11.2024 14:32,1939,1489,,,
04.11.2024 14:32,1939,1490,,,
04.11.2024 14:32,1947,1491,,,
04.11.2024 14:32,1945,1492,,,
04.11.2024 14:32,1945,1493,,,
04.11.2024 14:32,1943,1494,,,
04.11.2024 14:32,1945,1495,,,
04.11.2024 14:32,1945,1496,,,
04.11.2024 14:32,1948,1497,,,
04.11.2024 14:32,1947,1498,,,
04.11.2024 14:32,1963,1499,,,
04.11.2024 14:32,1973,1500,,,
04.11.2024 14:32,1981,1501,,,
04.11.2024 14:32,1982,1502,,,
04.11.2024 14:32,1983,1503,,,
04.11.2024 14:32,1983,1504,,,
04.11.2024 14:32,1983,1505,,,
04.11.2024 14:32,1980,1506,,,
04.11.2024 14:32,1977,1507,,,
04.11.2024 14:32,1978,1508,,,
04.11.2024 14:32,1981,1509,,,
04.11.2024 14:32,1982,1510,,,
04.11.2024 14:32,1982,1511,,,
04.11.2024 14:32,1972,1512,,,
04.11.2024 14:32,1964,1513,,,
04.11.2024 14:32,1964,1514,,,
04.11.2024 14:32,1961,1515,,,
04.11.2024 14:32,1960,1516,,,
04.11.2024 14:32,1945,1517,,,
04.11.2024 14:32,1937,1518,,,
04.11.2024 14:32,1940,1519,,,
04.11.2024 14:32,1941,1520,,,
04.11.2024 14:32,1941,1521,,,
04.11.2024 14:32,1935,1522,,,
04.11.2024 14:32,1940,1523,,,
04.11.2024 14:32,1942,1524,,,
04.11.2024 14:32,1951,1525,,,
04.11.2024 14:32,1957,1526,,,
04.11.2024 14:32,1966,1527,,,
04.11.2024 14:32,1966,1528,,,
04.11.2024 14:32,1962,1529,,,
04.11.2024 14:32,1964,1530,,,
04.11.2024 14:32,1967,1531,,,
04.11.2024 14:32,1962,1532,,,
04.11.2024 14:32,1965,1533,,,
04.11.2024 14:32,1961,1534,,,
04.11.2024 14:32,1965,1535,,,
04.11.2024 14:32,1967,1536,,,
04.11.2024 14:32,1965,1537,,,
04.11.2024 14:32,1965,1538,,,
04.11.2024 14:32,1963,1539,,,
04.11.2024 14:32,1964,1540,,,
04.11.2024 14:32,1963,1541,,,
04.11.2024 14:32,1965,1542,,,
04.11.2024 14:32,1963,1543,,,
04.11.2024 14:32,1926,1544,,,
04.11.2024 14:32,1945,1545,,,
04.11.2024 14:32,1955,1546,,,
04.11.2024 14:32,1960,1547,,,
04.11.2024 14:32,1966,1548,,,
04.11.2024 14:32,1965,1549,,,
04.11.2024 14:32,1929,1550,,,
04.11.2024 14:32,1932,1551,,,
04.11.2024 14:32,1933,1552,,,
04.11.2024 14:32,1949,1553,,,
04.11.2024 14:32,1958,1554,,,
04.11.2024 14:32,1955,1555,,,
04.11.2024 14:32,1961,1556,,,
04.11.2024 14:32,1965,1557,,,